id	flags	title
14	FILE_MISSING:EPUB	Of Blood and Fire
44	FILE_MISSING:EPUB	Dancer's Lament
47	FILE_MISSING:EPUB	Deadhouse Landing
75	FILE_MISSING:EPUB	Words of Radiance
77	FILE_MISSING:EPUB	Rhythm of War
78	FILE_MISSING:EPUB	The Way of Kings Prime
81	FILE_MISSING:EPUB	Shadows of Self
105	FILE_MISSING:EPUB	A Game of Thrones
117	FILE_MISSING:EPUB	It
143	FILE_MISSING:EPUB	Ashes of Man
146	FILE_MISSING:PDF	C Programming Language
215	FILE_MISSING:EPUB	Sojourn
239	FILE_MISSING:EPUB	Last Exit to Brooklyn
244	FILE_MISSING:EPUB	Sword & Citadel
271	FILE_MISSING:EPUB	The Tyrant's Law
277	FILE_MISSING:EPUB	The Ashfire King
284	FILE_MISSING:EPUB	The King's Blood
291	FILE_MISSING:EPUB	Dirk Gently's Holistic Detective Agency
295	FILE_MISSING:EPUB	The Restaurant at the End of the Universe
309	FILE_MISSING:EPUB	Devices and Desires
337	FILE_MISSING:EPUB	Good Material
359	FILE_MISSING:EPUB	My Friends
362	FILE_MISSING:EPUB	Storm Front
388	FILE_MISSING:EPUB	The Grief of Stones
403	FILE_MISSING:EPUB	Dexter in the Dark
409	FILE_MISSING:EPUB	The Portable Dante
412	FILE_MISSING:EPUB	The Brothers Karamazov
447	FILE_MISSING:EPUB	Dandelion Wine
460	FILE_MISSING:EPUB	Metro 2033
464	FILE_MISSING:EPUB	Malice
476	FILE_MISSING:EPUB	The Shadow of the Gods
498	FILE_MISSING:EPUB	Pattern Recognition
500	FILE_MISSING:EPUB	Mona Lisa Overdrive
520	FILE_MISSING:EPUB	Atlas Shrugged
538	FILE_MISSING:EPUB	Seveneves
545	FILE_MISSING:EPUB	King of Thorns
553	FILE_MISSING:EPUB	The Book That Wouldn't Burn
559	FILE_MISSING:EPUB	Recursion
562	FILE_MISSING:EPUB	Jade City
572	FILE_MISSING:EPUB	The Dark Forest
581	FILE_MISSING:EPUB	Our Mutual Friend
596	FILE_MISSING:EPUB	Rainbow Six
610	FILE_MISSING:EPUB	The Broken Eye
612	FILE_MISSING:EPUB	All Systems Red
644	FILE_MISSING:EPUB	The Heart of What Was Lost
647	FILE_MISSING:EPUB	The Witchwood Crown
659	FILE_MISSING:PDF	Computational Complexity
672	FILE_MISSING:PDF	The Mythical Man-Month: Essays on Software Engineering, Anni
682	FILE_MISSING:PDF	Algorithms, Fourth Edition
707	FILE_MISSING:EPUB	Child of God
728	FILE_MISSING:EPUB	The Cold Commands
748	FILE_MISSING:EPUB	City of Thieves
751	FILE_MISSING:EPUB	Stories of Your Life and Others
752	FILE_MISSING:EPUB	Crypto: How the Code Rebels Beat the Government - Saving Pri
760	FILE_MISSING:EPUB	The Willows
778	FILE_MISSING:EPUB	The Big Sleep
782	FILE_MISSING:EPUB	The Murder of Roger Ackroyd
851	FILE_MISSING:EPUB	The Old Man and the Sea
859	FILE_MISSING:EPUB	The Blind Owl and Other Stories
885	FILE_MISSING:EPUB	The Prone Gunman
902	FILE_MISSING:EPUB	Flow: The Psychology of Optimal Experience
911	FILE_MISSING:EPUB	The Count of Monte Cristo
918	FILE_MISSING:EPUB	Leviathan Wakes
920	FILE_MISSING:EPUB	Children of the Alley
924	FILE_MISSING:EPUB	Spring Snow
927	FILE_MISSING:EPUB	What Moves the Dead
952	FILE_MISSING:EPUB	Liar's Poker
970	FILE_MISSING:EPUB	Dark Territory: The Secret History of Cyber War
986	FILE_MISSING:EPUB	The Library at Mount Char
997	FILE_MISSING:EPUB	The Wolf Den
1007	FILE_MISSING:EPUB	Postwar
1013	FILE_MISSING:EPUB	Dubliners
1064	FILE_MISSING:EPUB	Harrow the Ninth
1072	FILE_MISSING:EPUB	The Master of Go
1096	FILE_MISSING:EPUB	Until the End of Time: Mind, Matter, and Our Search for Mean
1105	FILE_MISSING:EPUB	Pathogenesis: A History of the World in Eight Plagues
1113	FILE_MISSING:EPUB	Spring
1123	FILE_MISSING:EPUB	SPQR: A History of Ancient Rome
1183	FILE_MISSING:EPUB	The Pale King
1187	FILE_MISSING:EPUB	A Supposedly Fun Thing I'll Never Do Again: Essays and Argum
1194	FILE_MISSING:EPUB	The Tiger: A True Story of Vengeance and Survival
1195	FILE_MISSING:EPUB	Blood Song
1202	FILE_MISSING:EPUB	Infinite Jest
1230	FILE_MISSING:EPUB	War and Peace
1235	FILE_MISSING:EPUB	Sun-Tzu: The Art of Warfare
1248	FILE_MISSING:EPUB	What Made Maddy Run: The Secret Struggles and Tragic Death o
1258	FILE_MISSING:PDF	C++ Primer
1265	FILE_MISSING:PDF	The Art of Computer Programming, Volume 1
1281	FILE_MISSING:EPUB	Kingpin: How One Hacker Took Over the Billion-Dollar Cybercr
1296	FILE_MISSING:EPUB	Lullabies for Little Criminals
1306	FILE_MISSING:EPUB	This Is How They Tell Me the World Ends: The Cyberweapons Ar
1310	FILE_MISSING:EPUB	Complete Stories and Poems
1320	FILE_MISSING:PDF	Clean Code: A Handbook of Agile Software Craftsmanship
1321	FILE_MISSING:PDF	Introduction to Java Programming
1323	FILE_MISSING:PDF	Clean Architecture: A Craftsman's Guide to Software Structur
1329	FILE_MISSING:PDF	CompTIA Linux+ and LPIC-1 Guide to Linux Certification, Loos
1332	FILE_MISSING:PDF	Calculus: Early Transcendentals
1363	FILE_MISSING:EPUB	The Atrocity Archives
1407	FILE_MISSING:EPUB	Hogfather
1409	FILE_MISSING:EPUB	Moving Pictures
1411	FILE_MISSING:EPUB	Night Watch
1435	FILE_MISSING:EPUB	The Truth
1449	FILE_MISSING:EPUB	Pirate Freedom
1453	FILE_MISSING:EPUB	Reaper's Gale
1460	FILE_MISSING:EPUB	Gardens of the Moon
1464	FILE_MISSING:EPUB	The Shepherd's Crown
1491	FILE_MISSING:PDF	T-SQL Fundamentals, Fourth Edition
1507	FILE_MISSING:PDF	The Linux Command Line, 2nd Edition: A Complete Introduction
1520	FILE_MISSING:PDF	Modern PHP: New Features and Good Practices
1542	FILE_MISSING:EPUB	The Bone Ship's Wake
1546	FILE_MISSING:EPUB	The Empire's Ruin
1547	FILE_MISSING:EPUB	Dance of Shadows
1554	FILE_MISSING:EPUB	Lord of the Silver Bow
1582	FILE_MISSING:MOBI	Shield of Thunder
1599	FILE_MISSING:EPUB	The Dark Feather
1618	FILE_MISSING:EPUB	Dreaming the Hound
1619	FILE_MISSING:EPUB	Stormrider
1639	FILE_MISSING:DJVU	Calculus, Volume 1
1643	FILE_MISSING:PDF	Introductory Combinatorics
1644	FILE_MISSING:PDF	Database Internals: A Deep-Dive Into How Distributed Data Sy
1649	FILE_MISSING:EPUB	Evasion
1658	FILE_MISSING:EPUB	Drift Into Failure: From Hunting Broken Components to Unders
1659	FILE_MISSING:EPUB	Crystal Fire: The Invention of the Transistor and the Birth 
1667	FILE_MISSING:EPUB	Please Kill Me: The Uncensored Oral History of Punk
1673	FILE_MISSING:EPUB	The Friendly Orange Glow: The Untold Story of the Rise of Cy
1693	FILE_MISSING:EPUB	The Hydrogen Sonata
1721	FILE_MISSING:EPUB	Gods of the Wyrdwood
1722	FILE_MISSING:PDF	High-Integrity System Specification and Design
1756	FILE_MISSING:EPUB	Unsouled
1772	FILE_MISSING:EPUB	The Red Knight
1786	FILE_MISSING:EPUB	The Dragons of Babel
1804	FILE_MISSING:EPUB	The Reverie
1858	FILE_MISSING:EPUB	The Recursive Universe: Cosmic Complexity and the Limits of 
1868	FILE_MISSING:EPUB	The Mathematical Theory of Communication
1910	FILE_MISSING:PDF	Algorithm Design
1925	FILE_MISSING:PDF	Windows Internals, Part 2
1958	FILE_MISSING:PDF	Learn You Some Erlang for Great Good!: A Beginner's Guide
1973	FILE_MISSING:PDF	Concurrency in Go: Tools and Techniques for Developers
2007	FILE_MISSING:PDF	Smalltalk-80: The Language and Its Implementation
2031	FILE_MISSING:EPUB	The Infinite Machine
2051	FILE_MISSING:EPUB	Rainbows End
2055	FILE_MISSING:EPUB	The Fugitive Game: Online With Kevin Mitnick
2056	TITLE_CASE_GARBLE:DApps;FILE_MISSING:PDF	Mastering Ethereum: Building Smart Contracts and DApps
2079	FILE_MISSING:PDF	Understanding the Linux Kernel
2100	FILE_MISSING:EPUB	A Deadly Education
2111	FILE_MISSING:PDF	Zones of Control: Perspectives on Wargaming
2125	FILE_MISSING:PDF	Rules of Play: Game Design Fundamentals
2133	FILE_MISSING:PDF	Game Feel: A Game Designer's Guide to Virtual Sensation
2136	FILE_MISSING:PDF	Game Audio Implementation: A Practical Guide Using the Unrea
2168	FILE_MISSING:EPUB	The WoW Diary: A Journal of Computer Game Development [Secon
2206	FILE_MISSING:DJVU	Latex: A Document Preparation System
2231	FILE_MISSING:DJVU	The B-Book: Assigning Programs to Meanings
2235	FILE_MISSING:EPUB	Senlin Ascends
2260	FILE_MISSING:EPUB	A Visit From the Goon Squad
2263	FILE_MISSING:PDF	Complexity Theory: Exploring the Limits of Efficient Algorit
2279	FILE_MISSING:EPUB	The Rage of Dragons
2325	FILE_MISSING:EPUB	Song of the Mysteries
2326	FILE_MISSING:EPUB	Stormed Fortress
2331	FILE_MISSING:EPUB	Traitor's Knot
2338	FILE_MISSING:EPUB	Tesla: Inventor of the Electrical Age
2356	FILE_MISSING:EPUB	A Paradise Built in Hell: The Extraordinary Communities That
2372	FILE_MISSING:PDF	B-Grammatik
2377	FILE_MISSING:EPUB	The Art of Loving
2388	FILE_MISSING:EPUB	Nonviolent Communication: A Language of Life: Life-Changing 
2395	FILE_MISSING:EPUB	On Writing Well, 30th Anniversary Edition: An Informal Guide
2426	FILE_MISSING:EPUB	The Ice Dragon
2443	FILE_MISSING:EPUB	Zorba the Greek
2446	FILE_MISSING:EPUB	You Must Change Your Life
2449	FILE_MISSING:EPUB	The Flinch
2477	FILE_MISSING:EPUB	Facing Codependence
2481	FILE_MISSING:EPUB	Decisive: How to Make Better Choices in Life and Work
2482	FILE_MISSING:EPUB	Thinking in Promises: Designing Systems for Cooperation
2486	FILE_MISSING:EPUB	The Hot Zone
2510	FILE_MISSING:PDF	The Art of R Programming: A Tour of Statistical Software Des
2520	FILE_MISSING:PDF	Expert F# 4.0
2559	FILE_MISSING:PDF	If Hemingway Wrote JavaScript
2591	FILE_MISSING:EPUB	Kitchen
2596	FILE_MISSING:EPUB	A Memory Called Empire
2607	FILE_MISSING:EPUB	The Secret Place
2610	FILE_MISSING:EPUB	The Light Brigade
2624	FILE_MISSING:EPUB	The Origins of Totalitarianism
2628	FILE_MISSING:EPUB	The Story of the Lost Child
2629	FILE_MISSING:EPUB	Wide Sargasso Sea
2632	FILE_MISSING:EPUB	We Spread
2643	FILE_MISSING:EPUB	An Education in Malice
2644	FILE_MISSING:EPUB	The Magician King
2654	FILE_MISSING:PDF	Engineering a Safer World: Systems Thinking Applied to Safet
2664	FILE_MISSING:EPUB	Echopraxia
2666	FILE_MISSING:EPUB	The Machiavellians: Defenders of Freedom
2706	FILE_MISSING:PDF	Elements of Information Theory
2710	FILE_MISSING:PDF	Designing Type
2726	FILE_MISSING:PDF	Reasoning About Knowledge
2730	FILE_MISSING:PDF	Foundations of Game Engine Development: Mathematics
2748	FILE_MISSING:EPUB	Seeing Things as They Are: A Theory of Perception
2761	FILE_MISSING:EPUB	Among Thieves
2773	FILE_MISSING:EPUB	Of Monsters and Mainframes
2776	FILE_MISSING:PDF	C++ Concurrency in Action
2779	FILE_MISSING:PDF	Optimizing Java: Practical Techniques for Improving Jvm Appl
2796	AUTHOR_CROWD:7;FILE_MISSING:EPUB	The Mongoliad: Book Three
2797	AUTHOR_CROWD:7;FILE_MISSING:EPUB	The Mongoliad: Book Two
2799	FILE_MISSING:EPUB	Dreamer: A Prequel to the Mongoliad
2810	FILE_MISSING:EPUB	Yours Truly
2822	FILE_MISSING:EPUB	The Tourist
2849	FILE_MISSING:EPUB	Iron Flame
2865	FILE_MISSING:EPUB	The Hunter
2869	FILE_MISSING:PDF	Diagnostic and Statistical Manual of Mental Disorders, Fifth
2879	FILE_MISSING:EPUB	Do It Tomorrow and Other Secrets of Time Management
2892	FILE_MISSING:PDF	Advanced C and C++ Compiling
2911	FILE_MISSING:PDF	Embracing Modern C++ Safely
2947	FILE_MISSING:PDF	Rust Atomics and Locks: Low-Level Concurrency in Practice
2955	FILE_MISSING:PDF	Expert Python Programming
2960	FILE_MISSING:EPUB	A Burglar's Guide to the City
2964	FILE_MISSING:PDF	Thinking With Types. Type-Level Programming in Haskell
2975	FILE_MISSING:EPUB	Tools for Conviviality
2982	FILE_MISSING:EPUB	The Black Hawks
2995	FILE_MISSING:EPUB	How to Watch Basketball Like a Genius: What Game Designers, 
3004	FILE_MISSING:PDF	The Phoenix Project: A Novel About IT, DevOps, and Helping Y
3006	FILE_MISSING:PDF	The Manager's Path: A Guide for Tech Leaders Navigating Grow
3017	FILE_MISSING:EPUB	Too Like the Lightning
3020	FILE_MISSING:PDF	The Art of Deception: Controlling the Human Element of Secur
3033	FILE_MISSING:EPUB	The Crimson Campaign
3044	FILE_MISSING:EPUB	LikeWar: The Weaponization of Social Media
3048	FILE_MISSING:EPUB	Future Crimes
3070	FILE_MISSING:EPUB	Wild Cards I
3094	FILE_MISSING:PDF	Python Cookbook, Third Edition
3120	FILE_MISSING:PDF	C in a Nutshell
3160	FILE_MISSING:EPUB	Thanks for the Feedback: The Science and Art of Receiving Fe
3191	FILE_MISSING:EPUB	World War Z: An Oral History of the Zombie War
3230	FILE_MISSING:EPUB	Strange Pictures: A Novel
3259	FILE_MISSING:PDF	Weaving the Web: The Original Design and Ultimate Destiny of
3264	FILE_MISSING:EPUB	Weaving the Dark Web: Legitimacy on Freenet, Tor, and I2P
3273	FILE_MISSING:EPUB	The House on the Borderland
3302	FILE_MISSING:EPUB	Industrial Society and Its Future and Other Works
3315	FILE_MISSING:EPUB	Manufacturing Consent: The Political Economy of the Mass Med
3324	FILE_MISSING:PDF	Starting FORTH
3344	FILE_MISSING:EPUB	The Righteous Mind: Why Good People Are Divided by Politics 
3360	FILE_MISSING:PDF	The Flavor Equation: The Science of Great Cooking Explained 
3382	AUTHOR_CROWD:9;FILE_MISSING:EPUB	Under the Thumb
3393	FILE_MISSING:EPUB	Toothsucker
3397	FILE_MISSING:EPUB	Olympos
3419	FILE_MISSING:EPUB	1177 B.C.: The Year Civilization Collapsed
3425	FILE_MISSING:EPUB	The Vikings: A History
3432	FILE_MISSING:EPUB	The Peloponnesian War
3445	FILE_MISSING:EPUB	Nothing to Envy: Real Lives in North Korea
3491	FILE_MISSING:EPUB	Middlesex
3493	FILE_MISSING:EPUB	Evicted: Poverty and Profit in the American City
3498	FILE_MISSING:EPUB	If We Burn: The Mass Protest Decade and the Missing Revoluti
3505	FILE_MISSING:EPUB	Fifteen Dogs
3521	FILE_MISSING:EPUB	Trickster Drift
3522	FILE_MISSING:EPUB	American War
3543	FILE_MISSING:DJVU	Communicating and Mobile Systems: The Pi-Calculus
3570	FILE_MISSING:PDF	Call of Cthulhu: Keeper's Rulebook
3584	FILE_MISSING:EPUB	The Sum of All Fears
3611	FILE_MISSING:EPUB	Kokoro
3634	FILE_MISSING:EPUB	The Collector
3638	FILE_MISSING:EPUB	Perfume: The Story of a Murderer
3647	FILE_MISSING:EPUB	Lord of the Flies
3688	FILE_MISSING:EPUB	Pihkal: A Chemical Love Story
3696	FILE_MISSING:EPUB	Somewhere Beyond the Sea
3742	FILE_MISSING:EPUB	The Te of Piglet
3746	FILE_MISSING:EPUB	The Eternal Tao Te Ching: The Philosophical Masterwork of Ta
3761	FILE_MISSING:EPUB	The Heretic Kings
3777	FILE_MISSING:EPUB	Bloodchild
3817	FILE_MISSING:PDF	Mutant: Year Zero Core Rulebook
3832	FILE_MISSING:EPUB	Frederick Douglass: Prophet of Freedom
3834	FILE_MISSING:EPUB	Unwell Women: Misdiagnosis and Myth in a Man-Made World
3860	FILE_MISSING:PDF	Vaesen
3905	FILE_MISSING:PDF	Across A Thousand Dead Worlds: Starting Crew and Exploration
3914	FILE_MISSING:PDF	The Arts of PostgreSQL: Turn Thousands of Lines of Code Into
3930	FILE_MISSING:EPUB	Mission Critical
3932	FILE_MISSING:EPUB	The Chaos Agent
3941	FILE_MISSING:EPUB	The Cat Whisperer: Why Cats Do What They Do--And How to Get 
3945	TITLE_CASE_GARBLE:mPETa;FILE_MISSING:EPUB	ComPETability: Solving Behavior Problems in Your Multi-Cat H
3969	FILE_MISSING:PDF	Blade Runner RPG: Core Rules
3972	FILE_MISSING:PDF	The Wildsea: Core Rules
3981	FILE_MISSING:PDF	Nim in Action
3985	FILE_MISSING:PDF	Eat the Reich
4017	FILE_MISSING:PDF	Over the Edge: The Roleplaying Game of Surreal Danger
4034	FILE_MISSING:PDF	Blue Planet: Player's Guide
4059	FILE_MISSING:EPUB	The War Beyond
4100	FILE_MISSING:EPUB	Debt of Honor
4114	FILE_MISSING:EPUB	Ghost Fleet
4176	FILE_MISSING:PDF	Lamentations of the Flame Princess: Referee Book
4181	FILE_MISSING:PDF	Frostbitten and Mutilated
4217	FILE_MISSING:PDF	Exalted Essence
4263	FILE_MISSING:PDF	Blades in the Dark (v8.2)
4297	FILE_MISSING:PDF	Kingdom RPG
4321	FILE_MISSING:PDF	Zenobia: Fantasy Roleplaying in the Desert Kingdoms
4366	FILE_MISSING:PDF	Old-School Essentials Classic Fantasy: Rules Tome
4396	FILE_MISSING:EPUB	The Cure for Living, Part One
4441	FILE_MISSING:PDF	Advanced Animation and Rendering Techniques: Theory and Prac
4465	FILE_MISSING:PDF	Symbaroum - The Promised Land
4503	FILE_MISSING:PDF	Shadow of the Demon Lord: Tombs of the Desolation
4511	FILE_MISSING:PDF	Symbaroum - Symbar: Mother of Darkness
4531	FILE_MISSING:PDF	Errant: A Fantasy Role Playing Game
4573	FILE_MISSING:PDF	The Black Hack (2e)
4577	FILE_MISSING:PDF	Beam Saber
4608	FILE_MISSING:PDF	MÖRK BORG: Putrescence Regnant
4609	FILE_MISSING:PDF	Play Unsafe
4638	FILE_MISSING:EPUB	The Wide, Carnivorous Sky and Other Monstrous Geographies
4660	FILE_MISSING:PDF	Basic Linguistic Theory, Volume 2: Grammatical Topics
4700	FILE_MISSING:PDF	The Shadow of Yesterday
4721	FILE_MISSING:PDF	Feedback Control of Dynamic Systems (8th ed)
4743	FILE_MISSING:PDF	Knock! #1
4746	FILE_MISSING:PDF	From Newspeak to Cyberspeak: A History of Soviet Cybernetics
4775	FILE_MISSING:PDF	RuneQuest: Roleplaying in Glorantha
4783	FILE_MISSING:EPUB	Ghost Road Blues
4800	FILE_MISSING:PDF	His Majesty the Worm
4815	FILE_MISSING:EPUB	The Algebraist
4816	FILE_MISSING:PDF	Vampire the Masquerade: 20th Anniversary Edition
4852	FILE_MISSING:PDF	GURPS Basic Set: Characters
4865	FILE_MISSING:PDF	GURPS Fantasy
4903	FILE_MISSING:PDF	Maze Rats Revised
4931	FILE_MISSING:PDF	Delta Green: Control Group
4938	FILE_MISSING:PDF	The Dark Crystal: The Adventure Game
4945	FILE_MISSING:PDF	Dolmenwood: Winter's Daughter
4980	FILE_MISSING:PDF	The Sword, The Crown, and The Unspeakable Power
4986	FILE_MISSING:PDF	Draw Steel: Book One: Heroes
4987	FILE_MISSING:PDF	Fabula Ultima: TTJRPG - Atlas: Natural Fantasy
5007	FILE_MISSING:PDF	Shadows of Esteren: Book 1 - Universe
5024	FILE_MISSING:EPUB	Your Name Here
5037	FILE_MISSING:PDF	Blood & Bronze
5046	FILE_MISSING:PDF	The Lord of the Rings Roleplaying: Shire Adventures
5047	FILE_MISSING:DJVU	Visual Complex Functions: An Introduction With Phase Portrai
5048	FILE_MISSING:PDF	Teeth
5078	FILE_MISSING:PDF	City State of the Invincible Overlord
5086	FILE_MISSING:PDF	Programmer's Guide to NCurses
5125	AUTHOR_CROWD:5;FILE_MISSING:PDF	Fallout: The Roleplaying Game - Settler's Guide Book
5137	FILE_MISSING:EPUB	The Lifecycle of Software Objects
5153	FILE_MISSING:EPUB	The Forty Days of Musa Dagh
5166	FILE_MISSING:PDF	Grokking AI Algorithms, Second Edition: How AI Solves Comple
5169	FILE_MISSING:EPUB	Heaven's River
5195	FILE_MISSING:PDF	Never Going Home: Once More Unto the Breach
5198	FILE_MISSING:EPUB	Childhood's End
5203	AUTHOR_CROWD:9;FILE_MISSING:PDF	Dark Heresy: Core Rulebook (2e)
5262	FILE_MISSING:PDF	Designing Event-Driven Systems
5263	FILE_MISSING:PDF	Software Defined Networks: A Comprehensive Approach
5272	FILE_MISSING:EPUB	A Path to Coldness of Heart
5307	FILE_MISSING:EPUB	Kingdom of Bones
5308	FILE_MISSING:EPUB	Age of the King
5309	FILE_MISSING:EPUB	Last of the Dragorn
5313	FILE_MISSING:EPUB	A New World Begins: The History of the French Revolution
5317	FILE_MISSING:EPUB	Gwangju Uprising: The Rebellion for Democracy in South Korea
5319	FILE_MISSING:EPUB	The Great Successor: The Divinely Perfect Destiny of Brillia
5329	FILE_MISSING:EPUB	My Heart Is a Chainsaw
5335	FILE_MISSING:EPUB	Sandrunners
5336	FILE_MISSING:EPUB	A Duel of Evils
5377	FILE_MISSING:EPUB	Persepolis Rising
5378	FILE_MISSING:EPUB	Strange Dogs
5386	FILE_MISSING:EPUB	The Butcher of Anderson Station
5405	FILE_MISSING:EPUB	The Snowman
5407	FILE_MISSING:PDF	Modern C++ Programming Cookbook
5412	FILE_MISSING:EPUB	Thinking in Bets: Making Smarter Decisions When You Don't Ha
5413	FILE_MISSING:PDF	Introduction to Embedded Systems: A Cyber-Physical Systems A
5439	FILE_MISSING:EPUB	The Paradox Hotel
5449	FILE_MISSING:EPUB	Ghosts of My Life: Writings on Depression, Hauntology and Lo
5462	FILE_MISSING:EPUB	Catherine the Great: Portrait of a Woman
5463	FILE_MISSING:EPUB	Nicholas and Alexandra: The Tragic, Compelling Story of the 
5484	FILE_MISSING:EPUB	The Eternal Champion
5548	FILE_MISSING:EPUB	Hunter's Redoubt
5555	FILE_MISSING:EPUB	The Riven Shield
5560	FILE_MISSING:EPUB	Firstborn
5638	FILE_MISSING:EPUB	White Gold Wielder
5644	FILE_MISSING:EPUB	The Left Hand of God
5649	FILE_MISSING:EPUB	Mage's Blood
5654	FILE_MISSING:EPUB	The Obsidian Heart
5657	FILE_MISSING:EPUB	Romancing the Duke
5668	FILE_MISSING:EPUB	John Adams
5692	FILE_MISSING:PDF	Rapid Development
5697	FILE_MISSING:EPUB	Queens' Play
5717	FILE_MISSING:PDF	The Vegetarian Silver Spoon: Classic and Contemporary Italia
5724	FILE_MISSING:EPUB	Surrender to the Will of the Night
5764	FILE_MISSING:PDF	Network Warrior
5768	FILE_MISSING:PDF	7th Sea
5784	FILE_MISSING:EPUB	Saturation Point
5787	FILE_MISSING:PDF	Dark Heresy: Dead Stars
5803	FILE_MISSING:PDF	C Programming: A Modern Approach
5825	FILE_MISSING:EPUB	Lila
5830	FILE_MISSING:EPUB	Menewood
5837	FILE_MISSING:EPUB	The Mill on the Floss
5873	FILE_MISSING:EPUB	The Trees
5902	FILE_MISSING:EPUB	The Hyena and the Hawk
5968	FILE_MISSING:EPUB	Genius Makers: The Mavericks Who Brought AI to Google, Faceb
5979	FILE_MISSING:EPUB	The Fallen Fortress
5989	FILE_MISSING:EPUB	The Two Swords
6017	FILE_MISSING:EPUB	A Rage in Harlem
6018	FILE_MISSING:EPUB	The Concrete Blonde
6042	FILE_MISSING:PDF	The Nature of Order: An Essay on the Art of Building and the
6053	FILE_MISSING:PDF	The Art of Mexican Cooking
6073	FILE_MISSING:EPUB	You Deserve a Tech Union
6079	FILE_MISSING:EPUB	Capital and Ideology
6092	FILE_MISSING:EPUB	Lombard Street
6106	FILE_MISSING:PDF	Beautiful Evidence
6168	FILE_MISSING:EPUB	A Perfect Spy
6198	FILE_MISSING:PDF	Probabilistic Machine Learning: Advanced Topics
6260	FILE_MISSING:PDF	The French Laundry, Per Se
6281	FILE_MISSING:EPUB	Essays of Michel De Montaigne
6299	FILE_MISSING:EPUB	The Devil's Star
6308	FILE_MISSING:EPUB	A Conspiracy of Faith
6321	FILE_MISSING:EPUB	Out of Sight
6331	FILE_MISSING:PDF	Programming in Scala, Fifth Edition
6335	FILE_MISSING:PDF	Programming Scala: Scalability = Functional Programming + Ob
6336	FILE_MISSING:PDF	More OCaml: Algorithms, Methods & Diversions
6344	FILE_MISSING:PDF	Programming in Haskell
6346	FILE_MISSING:DJVU	Practical Programming in Tcl & Tk
6354	FILE_MISSING:PDF	Simula Begin
6364	FILE_MISSING:PDF	Flutter in Action
6390	FILE_MISSING:EPUB	Hardwired
6393	FILE_MISSING:EPUB	The Wizards of Langley: Inside the CIA's Directorate of Scie
6421	FILE_MISSING:EPUB	The Wages of Destruction: The Making and Breaking of the Naz
6431	FILE_MISSING:EPUB	Absolution Gap
6454	FILE_MISSING:PDF	13th Age 2e - Gamemaster's Guide
6482	FILE_MISSING:EPUB	Kudos
6490	FILE_MISSING:EPUB	Leviathan
6519	FILE_MISSING:EPUB	Play of Shadows
6536	FILE_MISSING:PDF	The Triads as Business
6543	FILE_MISSING:EPUB	Business or Blood: Mafia Boss Vito Rizzuto's Last War
6560	FILE_MISSING:EPUB	Wiseguy
6593	FILE_MISSING:EPUB	If Not, Winter: Fragments of Sappho
6604	FILE_MISSING:PDF	Effective Rust: 35 Specific Ways to Improve Your Rust Code
6621	FILE_MISSING:EPUB	Lover Revealed
6628	FILE_MISSING:EPUB	Credence
6647	FILE_MISSING:EPUB	Sinner
6707	FILE_MISSING:PDF	777 and Other Qabalistic Writings of Aleister Crowley
6741	FILE_MISSING:EPUB	If He Hollers Let Him Go
6743	FILE_MISSING:EPUB	Whispers of the Storm
6745	FILE_MISSING:EPUB	See You at the Top
6752	FILE_MISSING:EPUB	Way of the Wizard
6770	FILE_MISSING:EPUB	The Silence of Unworthy Gods
6809	FILE_MISSING:EPUB	Till We Have Faces: A Myth Retold
6814	FILE_MISSING:EPUB	The Siege of Krishnapur
6828	FILE_MISSING:EPUB	The Female Man
6843	FILE_MISSING:EPUB	The Makioka Sisters
6864	FILE_MISSING:EPUB	Long Walk to Freedom
6875	FILE_MISSING:EPUB	My Year of Rest and Relaxation: A Novel
6881	FILE_MISSING:EPUB	The Monk
6884	FILE_MISSING:EPUB	Dark Money: The Hidden History of the Billionaires Behind th
6918	FILE_MISSING:EPUB	Track Changes: A Literary History of Word Processing
6930	FILE_MISSING:PDF	Handbook of Practical Logic and Automated Reasoning
6941	FILE_MISSING:EPUB	House Next Door
6949	FILE_MISSING:EPUB	It Happened One Summer: A Novel
6950	FILE_MISSING:EPUB	The Wall of Winnipeg and Me: A Novel
6988	FILE_MISSING:EPUB	The Auctioneer
6992	FILE_MISSING:EPUB	Red, White & Royal Blue: A Novel
6996	FILE_MISSING:EPUB	Making Movies
7004	FILE_MISSING:EPUB	Don't Sleep, There Are Snakes: Life and Language in the Amaz
7009	FILE_MISSING:EPUB	The Anthropocene Reviewed: Essays on a Human-Centered Planet
7024	FILE_MISSING:EPUB	Braiding Sweetgrass: Indigenous Wisdom, Scientific Knowledge
7036	FILE_MISSING:EPUB	A Walk in the Woods: Rediscovering America on the Appalachia
7041	FILE_MISSING:PDF	Outgunned - Assistant Director
7055	FILE_MISSING:EPUB	Inherent Vice
7069	FILE_MISSING:EPUB	Shareware Heroes: The Renegades Who Redefined Gaming at the 
7104	FILE_MISSING:EPUB	The Mantis
7111	FILE_MISSING:EPUB	Satan's Affair
7117	FILE_MISSING:EPUB	Slouching Towards Utopia: An Economic History of the Twentie
7135	FILE_MISSING:EPUB	The Economy of Cities
7136	FILE_MISSING:PDF	Dieter Rams: As Little Design as Possible
7143	FILE_MISSING:EPUB	How Fiction Works
7161	FILE_MISSING:PDF	Mutants & Masterminds Gamemaster's Guide
7162	FILE_MISSING:PDF	Chivalry & Sorcery 5th Edition
7164	FILE_MISSING:EPUB	Rising Gale
7203	FILE_MISSING:PDF	The Rig Veda
7207	FILE_MISSING:EPUB	The Dhammapada
7232	FILE_MISSING:EPUB	The Lotus Empire
7236	FILE_MISSING:EPUB	The Complete Compleat Enchanter
7280	FILE_MISSING:PDF	Pattern Classification
7282	FILE_MISSING:PDF	A Book of Abstract Algebra, Second Edition
7318	FILE_MISSING:EPUB	Artemis
7327	FILE_MISSING:EPUB	Half of a Yellow Sun
7348	FILE_MISSING:EPUB	A Marvellous Light
7356	FILE_MISSING:EPUB	Deerskin
7410	FILE_MISSING:EPUB	The Shattered Realm of Ardor Benn
7413	FILE_MISSING:PDF	Code of the Street: Decency, Violence, and the Moral Life of
7418	FILE_MISSING:EPUB	Narconomics: How to Run a Drug Cartel
7434	FILE_MISSING:PDF	Towards a New Architecture
7438	FILE_MISSING:PDF	Rolemaster Unified: Creature Law I
7441	FILE_MISSING:DJVU	Distributed Computing: Fundamentals, Simulations, and Advanc
7442	FILE_MISSING:DJVU	Logic in Computer Science: Modelling and Reasoning About Sys
7451	FILE_MISSING:EPUB	A Beautiful Mind
7490	FILE_MISSING:PDF	The Making of a Manager: What to Do When Everyone Looks to Y
7499	FILE_MISSING:EPUB	The Rise of Ransom City
7500	FILE_MISSING:EPUB	Rosemary and Rue
7530	FILE_MISSING:EPUB	Palestine's Children
7554	FILE_MISSING:PDF	Fundamentals of Computer Graphics
7579	FILE_MISSING:MOBI	The Bottom Billion: Why the Poorest Countries Are Failing an
7602	FILE_MISSING:PDF	Twenty Lectures on Algorithmic Game Theory
7617	FILE_MISSING:PDF	But How Do It Know?: The Basic Principles of Computers for E
7618	FILE_MISSING:PDF	AWS Penetration Testing: Implement Various Security Strategi
7631	FILE_MISSING:EPUB	Aloha From Hell
7643	FILE_MISSING:PDF	Real-Time C++: Efficient Object-Oriented and Template Microc
7669	FILE_MISSING:PDF	Effective Software Testing: A Developer's Guide
7670	FILE_MISSING:PDF	Effective C#: 50 Specific Ways to Improve Your C#
7675	FILE_MISSING:PDF	SSA-based Compiler Design
7695	FILE_MISSING:EPUB	The Worm and His Kings
7736	FILE_MISSING:EPUB	An Eye of the Fleet
7753	FILE_MISSING:EPUB	Black Heart: Part Two: In the Coils of a Horned Serpent
7767	FILE_MISSING:EPUB	How to Blow Up a Pipeline
7769	FILE_MISSING:EPUB	Cane: Authoritative Text, Contexts, Criticism
7777	FILE_MISSING:EPUB	Coming Apart: The State of White America, 1960-2010
7795	FILE_MISSING:PDF	Docker Deep Dive: Zero to Docker in a Single Book
7808	FILE_MISSING:EPUB	How Soccer Explains the World
7821	FILE_MISSING:EPUB	The Heartbeat of Wounded Knee: Native America From 1890 to t
7833	FILE_MISSING:EPUB	The Cancer Journals
7834	FILE_MISSING:EPUB	Stalin
7869	FILE_MISSING:EPUB	Representing and Intervening: Introductory Topics in the Phi
7873	FILE_MISSING:EPUB	The Founders: The Story of Paypal and the Entrepreneurs Who 
7875	FILE_MISSING:EPUB	Power and Progress: Our Thousand-Year Struggle Over Technolo
7880	FILE_MISSING:EPUB	In Search of Respect: Selling Crack in El Barrio
7889	FILE_MISSING:PDF	IPv6 Essentials, Third Edition
7932	FILE_MISSING:EPUB	Long Shot
7937	FILE_MISSING:EPUB	Soul Mountain
7956	FILE_MISSING:EPUB	The Devil You Know
7996	FILE_MISSING:EPUB	Know No Fear
8000	FILE_MISSING:EPUB	Furies of Calderon
8006	FILE_MISSING:EPUB	The First Heretic
8008	FILE_MISSING:EPUB	In the Company of Ogres
8015	FILE_MISSING:EPUB	In the Heat of the Night
8046	FILE_MISSING:PDF	Salt Fish Girl: A Novel
8065	FILE_MISSING:PDF	The Art of Monitoring
8066	FILE_MISSING:PDF	Counterexamples in Topology
8071	FILE_MISSING:PDF	Implementing Service Level Objectives: A Practical Guide to 
8073	FILE_MISSING:PDF	Seeking SRE: Conversations About Running Production Systems 
8074	FILE_MISSING:PDF	Forecasting: Principles and Practice
8075	FILE_MISSING:PDF	Trustworthy Online Controlled Experiments: A Practical Guide
8080	FILE_MISSING:PDF	Continuous Discovery Habits: Discover Products That Create C
8099	FILE_MISSING:EPUB	The Sacred Canopy: Elements of a Sociological Theory of Reli
8103	FILE_MISSING:EPUB	The Ritual of Transcendental Magic
8118	FILE_MISSING:EPUB	Five Little Indians
8123	FILE_MISSING:EPUB	Boyfriend Material
8125	FILE_MISSING:EPUB	Kiss of Midnight
8127	FILE_MISSING:EPUB	What to Listen for in Music
8135	FILE_MISSING:PDF	Film Art: An Introduction
8152	FILE_MISSING:PDF	The Keep on the Borderlands
8175	FILE_MISSING:PDF	Atkins' Physical Chemistry
8179	FILE_MISSING:EPUB	My Name Is Red
8192	FILE_MISSING:EPUB	The Inheritance of Loss: The Booker Prize-Winning Novel
8206	FILE_MISSING:EPUB	Helter Skelter: The True Story of the Manson Murders
8208	FILE_MISSING:EPUB	A History of the Crusades, Volume II: The Kingdom of Jerusal
8215	FILE_MISSING:EPUB	The Sovereign Individual
8225	FILE_MISSING:EPUB	Security Analysis, Seventh Edition: Principles and Technique
8248	FILE_MISSING:EPUB	Running on Empty No More: Transform Your Relationships With 
8267	FILE_MISSING:PDF	The Physiology of Taste
8284	FILE_MISSING:EPUB	The Pirate King
8285	FILE_MISSING:EPUB	Generation Kill: Devil Dogs, Iceman, Captain America and the
8289	FILE_MISSING:PDF	The Vignelli Canon
8305	FILE_MISSING:PDF	Comprehensive French Grammar
8315	FILE_MISSING:PDF	In Bibi's Kitchen: The Recipes and Stories of Grandmothers F
8317	FILE_MISSING:EPUB	American Pastoral
8318	FILE_MISSING:EPUB	Dreaming the Bull
8329	FILE_MISSING:EPUB	Congo: The Epic History of a People
8331	FILE_MISSING:EPUB	The Venture of Islam, Volume 2: The Expansion of Islam in th
8336	FILE_MISSING:EPUB	China: A History
8339	FILE_MISSING:EPUB	Born in Blackness: Africa, Africans, and the Making of the M
8348	FILE_MISSING:EPUB	The First Chronicles of Druss the Legend
8367	FILE_MISSING:PDF	The Manga Guide to Cryptography
8371	FILE_MISSING:EPUB	The Ask and the Answer
8378	FILE_MISSING:EPUB	Metal From Heaven
8392	FILE_MISSING:PDF	The Labyrinth: Evidence Kit
8400	FILE_MISSING:PDF	PX Poker Night
8405	FILE_MISSING:PDF	Extremophilia
8417	FILE_MISSING:PDF	Settlers of a Dead God: Fastplay
8419	FILE_MISSING:EPUB	The Tale of Genji
8423	FILE_MISSING:EPUB	Shahnameh: The Persian Book of Kings
8424	FILE_MISSING:EPUB	Africa Is Not a Country
8429	FILE_MISSING:EPUB	Garner's Modern English Usage
8432	FILE_MISSING:EPUB	Child of Fortune
8436	FILE_MISSING:EPUB	Queen
8449	FILE_MISSING:EPUB	The Unicorn Hunters
8450	FILE_MISSING:EPUB	The Faith of Beasts
8452	FILE_MISSING:PDF	The Hunger in the Void
8477	FILE_MISSING:EPUB	Transport for Humans: Are We Nearly There Yet?
8498	FILE_MISSING:EPUB	Wayward
8521	FILE_MISSING:EPUB	The Wizard Who Kept Himself Suspicious
8531	FILE_MISSING:PDF	Planescape: Adventures in the Multiverse - Sigil and the Out
8575	FILE_MISSING:EPUB	Saint Camber
8579	FILE_MISSING:PDF	Original Adventures Reincarnated #7: Dark Tower, Volume 1
8606	AUTHOR_CROWD:11;FILE_MISSING:PDF	Shadow Operations: Eleven One-Shot Missions
8633	FILE_MISSING:PDF	The Hybrid Bone-Effigy Crucible of the Urgent Chimera
8647	FILE_MISSING:PDF	Reach of the Roach God: Wandering Monk
8668	FILE_MISSING:EPUB	The Fox's Tower and Other Stories
8669	FILE_MISSING:EPUB	City in Glass
8681	FILE_MISSING:EPUB	Phoenix Extravagant
8683	FILE_MISSING:EPUB	Beyond the Dragon's Gate
8686	FILE_MISSING:EPUB	Empress of Forever
8704	FILE_MISSING:EPUB	Ancillary Mercy
8705	FILE_MISSING:EPUB	Dead Country
8720	FILE_MISSING:PDF	Piece by Piece
8724	FILE_MISSING:PDF	Shape Up: Stop Running in Circles and Ship Work That Matters
8728	FILE_MISSING:EPUB	Gravity Lost
8733	FILE_MISSING:PDF	Call of Cthulhu: The Dragon of Wantley
8737	FILE_MISSING:EPUB	The Water Statues
8744	FILE_MISSING:PDF	Old Gods of Appalachia Roleplaying Game: Dig Your Own Grave
8748	FILE_MISSING:EPUB	The Saga of Arrow-Odd
8772	AUTHOR_CROWD:11;FILE_MISSING:PDF	Shadowrun: Hack & Slash
8775	FILE_MISSING:EPUB	Biological War: A Scenario
8776	FILE_MISSING:EPUB	Shameless: Republicans' Deliberate Dysfunction and the Battl
8781	FILE_MISSING:EPUB	Strange the Dreamer
8806	FILE_MISSING:PDF	Introduction to Cataloging and Classification, 11th Edition
8823	FILE_MISSING:EPUB	Sweet Silver Blues
8827	FILE_MISSING:EPUB	Port Eternity
